"sample_label","region","site","transect","tree_number","horizon","gwc_perc","pH","spConductance_mscm","TC_perc","TN_perc","TS_perc","percentOM","npoc_ug_g","dic_ugg","no3n_ug_g","nh4n_ug_g","Na_meq100g","K_meq100g","Ca_meq100g","Mg_meq100g","Al_meq100g","cec_meq100g","Fe_ugg","mehlichp_ugg","Chloride_meq100g","Sulfate_meq100g"
"COMPASS_Dec2021_034","WLE","CRC","upland","201","A",56.27,6.9,0.12,5.674,0.416,0.047,12.19,39.21,462.22,66.88,13.04,0.04,0.71,8.19,3.75,0,12.69,67.56,10.51,0.002,0.029
"COMPASS_Dec2021_035","WLE","CRC","upland","202","A",68.11,6.8,0.11,8.842,0.564,0.057,17.52,59.55,502.65,53.41,12.13,0.04,0.69,10.55,3.09,0,14.36,65.87,39.36,0.001,0.029
"COMPASS_Dec2021_036","WLE","CRC","upland","203","A",60.63,6.9,0.09,6.266,0.461,0.049,13.29,42.9,477.31,66.51,12.78,0.03,0.68,9.26,3.62,0,13.59,69.95,14.21,0.003,0.036
"COMPASS_Dec2021_037","WLE","CRC","upland","204","A",67.3,6.6,0.12,6.922,0.501,0.051,15.76,51.12,497.42,78.02,12.97,0.04,1.02,9.27,3.92,0,14.25,88.48,21.91,0.004,0.035
"COMPASS_Dec2021_038","WLE","CRC","upland","205","A",66.19,6.7,0.11,6.72,0.503,0.051,15.19,48.85,494.37,84.02,14.03,0.04,0.65,9.39,3.09,0,13.18,53.99,12.55,0.01,0.041
"COMPASS_Dec2021_039","WLE","CRC","upland","206","A",89.07,6.9,0.14,9.493,0.674,0.069,19.94,82.33,570.64,72.28,14.35,0.06,1.1,11.95,4.05,0,17.15,64.73,201.56,0.014,0.048
"COMPASS_Dec2021_040","WLE","CRC","upland","207","A",84.32,6.5,0.1,7.132,0.6,0.059,14.59,78.24,548.93,66.39,14.59,0.11,0.69,10.4,3.37,0,14.58,100.86,17.93,0.01,0.056
"COMPASS_Dec2021_041","WLE","CRC","upland","208","A",64.69,6.5,0.1,6.065,0.46,0.054,13.18,62.2,487.92,71.32,13.46,0.05,0.96,7.93,3.72,0,12.66,52.24,25.11,0.006,0.052
"COMPASS_Dec2021_042","WLE","CRC","upland","209","A",76.72,6.6,0.12,7.177,0.531,0.053,13.47,75.54,526.83,50.71,10.62,0.08,0.8,9.7,3.98,0,14.56,67.87,35.39,0.006,0.052
"COMPASS_Dec2021_043","WLE","CRC","transition","211","A",126.97,6.6,0.14,9.777,0.711,0.106,19.75,63.54,692.82,69.4,17.29,0.27,0.44,14.2,4.79,0,19.69,86.27,7.56,0.26,0.123
"COMPASS_Dec2021_044","WLE","CRC","transition","212","A",187.12,6.8,0.27,15.673,1.001,0.139,30.84,100.15,937.02,159.03,22.39,0.41,0.72,18.57,6.69,0,26.39,94.87,22.62,0.264,0.24
"COMPASS_Dec2021_045","WLE","CRC","transition","213","A",241.33,6.8,0.3,17.352,1.128,0.203,37.12,125.16,1109.52,181.8,23.65,0.5,0.45,21.99,6.99,0,29.93,183.79,28.53,0.447,0.347
"COMPASS_Dec2021_046","WLE","CRC","transition","214","A",203.66,6.1,0.25,10.059,0.739,0.17,19.02,53.27,983.83,36.16,23.25,0.31,0.51,14.74,5.07,0.04,20.66,123.76,24.71,0.263,1.892
"COMPASS_Dec2021_047","WLE","CRC","transition","215","A",218.29,6.1,0.21,10.683,0.762,0.136,22.33,65.1,990.94,66.96,23.89,0.53,0.93,14.32,6.84,0,22.62,124.66,20.27,0.23,1.059
"COMPASS_Dec2021_048","WLE","CRC","transition","216","A",175.94,6,0.21,10.232,0.724,0.148,21.74,51.26,870.58,57.36,20.93,0.31,0.39,15.21,4.54,0,20.45,123.21,19.99,0.152,1.336
"COMPASS_Dec2021_049","WLE","CRC","transition","217","A",169.27,6.8,0.21,13.248,0.894,0.149,29.49,89.37,847.16,77.02,22.05,0.38,0.36,11.97,4.29,0,17.01,169.54,15.26,0.44,0.271
"COMPASS_Dec2021_050","WLE","CRC","transition","218","A",239.46,6.7,0.12,12.143,0.861,0.153,25.16,64.38,1140.88,48.59,24.49,0.25,0.49,16.21,5.09,0,22.04,216.59,25.06,0.205,0.377
"COMPASS_Dec2021_051","WLE","CRC","transition","219","A",127.91,6.7,0.12,8.972,0.683,0.106,17.96,57.74,698.76,35.62,17.05,0.06,0.42,11.36,5.61,0,17.45,5.28,8.92,0.137,0.132
"COMPASS_Dec2021_052","WLE","CRC","wc","W1","A",296.61,6.6,1.35,8.712,0.92,0.316,17.48,38.94,1338.34,4.56,31,0.31,0.2,11.37,2.63,0,14.51,342.08,128.07,0.087,9.291
"COMPASS_Dec2021_053","WLE","CRC","wc","W2","A",389.9,7.3,0.57,7.869,0.886,NA,17.52,89.26,1876.15,215.05,39.05,0.57,0.65,26.91,5.3,0,33.43,123.91,298.15,0.297,7.173
"COMPASS_Dec2021_054","WLE","CRC","wc","W3","A",251.48,7,0.77,8.254,0.812,0.285,16.96,50.78,1246.75,167.03,27.97,0.38,0.47,22.76,5.12,0,28.74,107.23,31.55,0.183,8.85
"COMPASS_Dec2021_055","WLE","CRC","wc","W4","A",209.8,6.9,0.54,8.34,0.698,0.236,17.35,43.11,1079.49,56.28,24.1,0.36,0.58,17.23,5.27,0,23.43,295.77,67.54,0.14,6.007
"COMPASS_Dec2021_056","WLE","CRC","wc","W5","A",135.96,6.4,0.36,6.017,0.526,0.127,12.83,42.38,736.19,52.82,18.49,0.29,0.27,13.11,4.55,0,18.22,NA,59.6,0.106,3.03
"COMPASS_Dec2021_057","WLE","CRC","wc","W6","A",167.16,6.4,0.28,7.346,0.644,0.098,14.95,34.84,856.87,19.47,11.08,0.29,0.3,15.69,4.59,0,20.88,150.2,40.51,0.102,2.239
"COMPASS_Dec2021_058","WLE","CRC","wc","W7","A",189.6,5.9,0.48,8.843,0.758,0.205,19.76,129.62,906.03,89.91,22.72,0.44,0.39,13.45,5.64,0,19.92,180.27,38.81,0.106,5.319
"COMPASS_Dec2021_059","WLE","CRC","wc","W8","A",166.14,6.8,0.56,6.452,0.631,0.16,9.3,60.77,929,50.8,18.83,0.37,0.74,13.8,4.52,0,19.43,254.24,101.49,0.156,7.605
"COMPASS_Dec2021_060","WLE","CRC","wc","W9","A",223.35,7.2,0.8,7.107,0.735,0.217,14.25,103.29,1262.65,148.79,21.68,0.41,0.76,19.77,4.52,0,25.46,288.37,124.31,0.339,10.427
"COMPASS_Dec2021_061","WLE","OWC","upland","101","A",51.62,6.2,0.1,4.754,0.355,0.039,9.81,67.23,446.64,53.54,12.41,0.03,0.6,5.55,1.91,0,8.08,25.6,44.84,0.005,0.026
"COMPASS_Dec2021_062","WLE","OWC","upland","102","A",51.96,6.6,0.07,4.447,0.306,0.024,9.44,67.19,450.24,42.37,12.06,0.02,0.93,5.47,2.27,0,8.69,22.57,11.58,0.003,0.02
"COMPASS_Dec2021_063","WLE","OWC","upland","103","A",51.67,6.3,0.07,5.817,0.366,0.029,12.03,81.27,448.05,27.49,10.83,0.04,0.77,5.56,2.06,0,8.42,19.59,10.51,0.002,0.017
"COMPASS_Dec2021_064","WLE","OWC","upland","104","A",41.5,5,0.07,5.128,0.371,0.027,11.31,81.67,407.7,26.17,19.06,0.03,0.81,3.22,1.3,0.24,5.6,18.39,25.26,0.011,0.046
"COMPASS_Dec2021_065","WLE","OWC","upland","105","A",53.73,5.7,0.11,6.135,0.444,0.033,13.39,70.08,451.93,73.19,13.16,0.03,0.61,5.61,2.02,0.02,8.29,19.21,26.13,0.01,0.042
"COMPASS_Dec2021_066","WLE","OWC","upland","106","A",38.8,6.3,0.04,3.017,0.256,0.017,7.03,36.7,NA,30.16,10.08,0.02,0.55,3.88,1.36,0,5.82,24.82,11.7,0.003,0.018
"COMPASS_Dec2021_067","WLE","OWC","upland","107","A",53.59,6.4,0.08,4.282,0.343,0.024,9.76,62.53,451.62,49.38,11.85,0.02,0.75,5.15,1.91,0,7.83,23.82,8.64,0,0.029
"COMPASS_Dec2021_068","WLE","OWC","upland","108","A",67.74,6.6,0.14,7.039,0.469,0.034,14.68,86.42,501.58,82.18,12.82,0.04,0.94,8.29,2.36,0,11.63,12.78,16.46,0.005,0.033
"COMPASS_Dec2021_069","WLE","OWC","upland","109","A",50.15,6.7,0.07,5.381,0.342,0.022,10.58,71.68,447.75,39.9,12.53,0.03,1.01,5.21,2.25,0,8.5,34.36,33.14,0.004,0.009
"COMPASS_Dec2021_001","WLE","PTR","upland","1","A",61.74,5.5,0.17,7.84,0.537,0.055,15.61,1.74,472.98,112.29,13.32,0.08,1.11,7.7,2.94,0.04,11.87,42.92,NA,0.014,0.077
"COMPASS_Dec2021_002","WLE","PTR","upland","2","A",58.43,5.9,0.1,7.49,0.559,0.059,16.33,121.52,463.46,63.67,12.57,0.03,1.04,9.6,1.93,0.02,12.63,31.47,190.94,0.002,0.037
"COMPASS_Dec2021_003","WLE","PTR","upland","3","A",55.29,5.9,0.09,7.649,0.598,0.059,15.67,54.32,454.59,44.08,11.15,0.06,1.08,9.01,2.2,0.02,12.36,52.99,146.98,0.004,0.049
"COMPASS_Dec2021_004","WLE","PTR","upland","4","A",49.08,6.6,0.08,6.067,0.487,0.045,12.42,42.19,435.11,30.98,8.9,0.03,1.08,8.47,2.66,0,12.23,39.12,NA,0,0.026
"COMPASS_Dec2021_005","WLE","PTR","upland","5","A",54.78,6.5,0.09,6.576,0.549,0.052,13.06,38.48,456.27,35.7,11.04,0.04,1.41,7.91,2.6,0.02,11.97,39.04,NA,0.001,0.033
"COMPASS_Dec2021_006","WLE","PTR","upland","6","A",53.85,6.2,0.11,7.335,0.588,0.055,15.11,47.72,450.81,61.73,10.21,0.05,1.55,8.46,2.17,0,12.24,50.26,209.66,0.004,0.041
"COMPASS_Dec2021_007","WLE","PTR","upland","7","A",62.62,5.4,0.14,8.439,0.651,0.069,17.45,110.25,477.8,52.54,11.82,0.07,1.31,8.97,1.47,0.03,11.85,30.27,245.19,0.014,0.065
"COMPASS_Dec2021_008","WLE","PTR","upland","8","A",53.04,6.4,0.13,7.659,0.64,0.064,15.06,46.51,451.71,70.63,11.5,0.08,0.87,9.27,2.83,0.02,13.07,69.2,229.44,0.008,0.045
"COMPASS_Dec2021_009","WLE","PTR","upland","9","A",57.32,5.7,0.13,6.338,0.516,0.052,14.78,50.81,458.97,93.68,12.24,0.07,0.62,8.68,1.89,0.02,11.27,44.59,203.35,0.024,0.065
"COMPASS_Dec2021_019","WLE","PTR","wc","L1","A",279.85,7.2,0.32,7.222,0.689,0.118,15.87,82.44,1398.72,181.18,29.03,0.42,1.34,17.74,4.91,0,24.42,338.93,88.75,0.321,0.747
"COMPASS_Dec2021_020","WLE","PTR","wc","L2","A",324.82,7.1,0.32,6.842,0.656,NA,16.38,72.04,1465.39,100.41,33.06,0.45,0.74,15.06,5.74,0,21.98,327.56,71.5,0.207,2.419
"COMPASS_Dec2021_021","WLE","PTR","wc","L3","A",251.37,6.8,0.16,8.335,0.734,0.11,18.98,41.25,1173.16,94.55,26.35,0.33,0.83,12.82,6.3,0,20.29,189.29,22.52,0.104,0.252
"COMPASS_Dec2021_022","WLE","PTR","wc","L4","A",339.34,7.2,0.2,9.217,0.789,NA,20.28,98.4,1646.98,167.38,35.25,0.51,0.55,15.23,8.28,0,24.56,184.98,181.34,0.269,1.023
"COMPASS_Dec2021_023","WLE","PTR","wc","L5","A",189.47,5.8,0.33,8.742,0.716,0.14,20.57,33.06,901.05,39.28,17.02,0.26,0.88,10.98,4.66,0,16.78,120.12,12.81,0.119,2.608
"COMPASS_Dec2021_024","WLE","PTR","wc","L6","A",270.7,6.5,0.22,8.62,0.768,NA,19.62,82.85,1311.28,57.35,24.43,0.3,0.82,14.88,5.44,0,21.44,284.25,79.33,0.177,0.49
"COMPASS_Dec2021_025","WLE","PTR","wc","L7","A",365.79,6.5,0.35,8.297,0.725,NA,17.43,86.78,1571.68,156.57,34.55,0.55,0.61,11.58,6.33,0,19.07,256.88,99,0.201,1.878
"COMPASS_Dec2021_026","WLE","PTR","wc","L8","A",256.96,6.2,0.41,7.291,0.694,0.126,16.11,57.17,1167.28,136.32,27.67,0.37,0.36,13.85,5.43,0,20.02,166.76,44.37,0.168,3.412
"COMPASS_Dec2021_027","WLE","PTR","wc","L9","A",271.43,6.4,0.55,7.411,0.707,NA,17.7,58.24,1254.78,150.6,28.85,0.45,0.58,12.98,6.95,0,20.96,297.14,16.95,0.18,5.615
"COMPASS_Dec2021_070","WLE","OWC","transition","120","A",79.93,7.2,0.08,5.302,0.358,0.038,11.18,51.89,619.57,3.93,11.38,0.05,0.43,10.92,2.51,0,13.92,104.18,150.28,0.012,0.078
"COMPASS_Dec2021_071","WLE","OWC","transition","121","A",61.89,6.8,0.11,5.812,0.394,0.031,11.01,87.56,482.61,41.75,11.65,0.03,1.89,5.96,2.58,0,10.46,25.78,192.32,0.007,0.04
"COMPASS_Dec2021_072","WLE","OWC","transition","122","A",90.71,7.1,0.05,6.686,0.441,0.044,13.63,39.74,587.31,1.04,11.36,0.07,0.5,9.71,3.01,0,13.29,75.37,149.69,0.023,0.035
"COMPASS_Dec2021_073","WLE","OWC","transition","123","A",69.72,6.6,0.09,5.88,0.423,0.033,13.1,99.87,506.28,41.17,13.45,0.14,0.31,7.29,3.27,0.02,11.04,60.21,113.39,0.022,0.057
"COMPASS_Dec2021_074","WLE","OWC","transition","124","A",100.33,7.2,0.07,NA,NA,NA,15.56,98.07,633.98,28.55,15.37,0.12,0.72,9.68,4.31,0,14.82,174.24,151.74,0.052,0.172
"COMPASS_Dec2021_075","WLE","OWC","transition","125","A",80.13,7.2,0.1,7.994,0.591,0.054,17.44,90.2,552.01,33.35,15.5,0.15,0.57,9.51,5.42,0.02,15.68,111.83,276.18,0.046,0.087
"COMPASS_Dec2021_076","WLE","OWC","transition","126","A",81.61,7.3,0.06,5.318,0.384,0.036,7.28,61.63,554.33,24.74,14.35,0.07,0.41,7.93,3.31,0,11.72,74.6,119.98,0.023,0.058
"COMPASS_Dec2021_077","WLE","OWC","transition","127","A",76.47,6.8,0.06,5.905,0.42,0.033,30.17,86.71,527.87,39.17,13.95,0.07,0.64,7.67,3.49,0,11.87,119.11,110.19,0.022,0.039
"COMPASS_Dec2021_078","WLE","OWC","transition","128","A",109.2,6.5,0.11,8.908,0.622,0.046,19.59,92.91,651.28,57.86,17.36,0.09,1.11,11.09,0.71,0,13.01,124.41,184.02,0.083,0.057
"COMPASS_Dec2021_079","WLE","OWC","wte","W1","A",122.4,6.6,0.09,7.383,0.53,0.047,15.41,76.8,676.65,71.72,19.29,0.18,0.28,9.75,3.22,0,13.43,212.28,109.31,0.027,0.156
"COMPASS_Dec2021_080","WLE","OWC","wte","W2","A",93.75,6.6,0.09,5.732,0.444,0.043,12.44,61.8,583.91,65.05,15.14,0.16,0.15,9.18,2.82,0,12.32,165.21,97.59,0.017,0.091
"COMPASS_Dec2021_081","WLE","OWC","wte","W3","A",111.19,6.8,0.09,7.166,0.555,0.055,14.5,56.82,646.68,84.03,16.34,0.15,0.31,9.84,3.27,0,13.58,204.33,84.11,0.034,0.089
"COMPASS_Dec2021_082","WLE","OWC","wte","W4","A",101.81,7,0.08,5.736,0.428,0.057,13.32,51.03,651.54,48.88,15.55,0.13,0.36,9.18,3.02,0,12.68,224.23,173.35,0.021,0.193
"COMPASS_Dec2021_083","WLE","OWC","wte","W5","A",82.47,7.5,0.08,4.843,0.399,0.047,9.82,50.57,562.66,38.73,16.38,0.12,0.28,8.71,2.55,0,11.66,147.24,124.02,0.008,0.177
"COMPASS_Dec2021_084","WLE","OWC","wte","W6","A",122.35,7.2,0.07,7.034,0.497,0.066,15.02,73.6,687.7,39.35,17.71,0.18,0.24,9.74,2.91,0,13.07,227.75,148.02,0.02,0.276
"COMPASS_Dec2021_085","WLE","OWC","wte","W7","A",158.74,6.3,0.14,9.327,0.694,0.086,20.24,72.66,788.87,110.39,23.09,0.19,0.58,10.99,4,0,15.77,236.39,117.02,0.007,0.136
"COMPASS_Dec2021_086","WLE","OWC","wte","W8","A",116.67,6.6,0.07,6.714,0.519,0.084,14.58,57.68,661.01,42.08,16.95,0.18,0.22,9.24,3.49,0,13.12,168.97,100.51,0.026,0.167
"COMPASS_Dec2021_087","WLE","OWC","wte","W9","A",142.15,6.9,0.15,10.381,0.746,0.102,21.26,74.55,742.78,67.77,18.57,0.16,0.38,10.71,4.56,0,15.81,175.08,106.01,0.04,0.17
"COMPASS_Dec2021_088","WLE","OWC","wc","WC1","A",116.4,6.5,0.11,3.828,0.329,0.057,NA,43.45,653.79,14.35,17.7,0.21,0.14,8,3.14,0,11.5,126.46,49.09,0.048,1.097
"COMPASS_Dec2021_089","WLE","OWC","wc","WC2","A",177.16,6.1,0.17,8.329,0.621,0.116,NA,63.53,856.65,48.28,22.74,0.22,0.3,10.59,3.15,0,14.26,148.18,125.73,0.083,1.821
"COMPASS_Dec2021_090","WLE","OWC","wc","WC3","A",132.62,6,0.16,6.625,0.518,0.086,NA,50.5,710.56,22.07,19.47,0.2,0.2,9.43,3.23,0,13.06,144.06,110.3,0.061,1.483
"COMPASS_Dec2021_091","WLE","OWC","wc","WC4","A",176.76,6.3,0.28,8.635,0.623,0.108,NA,52.13,879.07,24.97,21.22,0.26,0.22,11.99,3.52,0,15.98,159.16,116.89,0.078,2.432
"COMPASS_Dec2021_092","WLE","OWC","wc","WC5","A",124.55,6.1,0.14,4.959,0.424,0.061,NA,39.89,683.95,18.74,17.24,0.18,0.23,8.33,2.73,0,11.47,101.06,113.21,0.055,1.415
"COMPASS_Dec2021_093","WLE","OWC","wc","WC6","A",170.1,6.6,0.19,6.93,0.559,0.092,NA,48.31,839.88,31.99,20.87,0.23,0.24,10.58,2.97,0,14.02,103.26,134.06,0.099,1.556
"COMPASS_Dec2021_094","WLE","OWC","wc","WC7","A",149.38,6.7,0.26,7.119,0.581,0.096,NA,54.85,758.93,13.94,15.47,0.21,0.15,11.17,3.07,0,14.59,134.69,126.76,0.072,2.921
"COMPASS_Dec2021_095","WLE","OWC","wc","WC8","A",122.58,6.6,0.21,5.593,0.455,0.086,NA,43.17,678.26,21.04,16.96,0.12,0.09,3.28,1.17,0,4.65,NA,102.75,0.063,2.2
"COMPASS_Dec2021_031","WLE","PTR","wc","Ph1","A",140.09,6.9,0.16,6.436,0.562,0.098,15.85,59.44,793.44,10.71,12.04,0.45,0.2,12.55,6.46,0,19.65,161.51,15.49,0.176,0.792
"COMPASS_Dec2021_032","WLE","PTR","wc","Ph2","A",204.42,7.3,0.28,6.571,0.612,0.096,14.21,38.37,1102.77,55.44,22.87,0.33,0.69,15.58,5.42,0,22.02,329.94,79.97,0.392,0.496
"COMPASS_Dec2021_033","WLE","PTR","wc","Ph3","A",119.2,7.4,0.09,6.175,0.528,0.093,13.39,24.56,690.15,59.44,15.04,0.25,0.15,12.56,4.44,0,17.4,192.91,14.84,0.081,0.253
"COMPASS_Dec2021_028","WLE","PTR","wc","C1","A",206.74,6.1,0.64,8.942,0.659,0.182,18.24,37.06,968.02,33.13,22.84,0.32,0.24,16.8,6.94,0,24.29,329.15,92.39,0.13,7.891
"COMPASS_Dec2021_029","WLE","PTR","wc","C2","A",185.26,5.5,0.47,7.759,0.643,0.194,17.51,42.19,878.51,46.65,23.97,0.25,0.23,14.34,4.36,0.05,19.23,219.06,32.33,0.147,4.97
"COMPASS_Dec2021_030","WLE","PTR","wc","C3","A",194.22,5.6,0.64,7.793,0.671,0.143,16.78,50.28,909.89,59.85,23.11,0.45,0.43,13.01,6.9,0,20.8,199.9,18.77,0.136,7.23
"COMPASS_Dec2021_010","WLE","PTR","transition","11","A",143.84,6.4,0.15,10.452,0.806,0.096,22.15,95.32,750.74,57.15,18.23,0.23,1.55,13.38,3.2,0.03,18.39,113.48,386.04,0.106,0.165
"COMPASS_Dec2021_011","WLE","PTR","transition","12","A",99.31,6.7,0.13,9.205,0.75,0.093,18.94,55.67,611.08,61.26,14.55,0.17,0.97,12.44,4.71,0,18.29,143.19,160.27,0.063,0.153
"COMPASS_Dec2021_012","WLE","PTR","transition","13","A",100,6.7,0.09,8.053,0.643,0.072,15.64,50.23,608.18,46.2,13.86,0.1,0.77,9.58,3.84,0,14.29,147.98,79,0.074,0.102
"COMPASS_Dec2021_013","WLE","PTR","transition","14","A",102.14,6.4,0.13,8.562,0.711,0.08,18.07,74.21,611.34,62.21,13.44,0.2,0.87,10.8,4.64,0,16.51,86.86,123.44,0.115,0.15
"COMPASS_Dec2021_014","WLE","PTR","transition","16","A",61.81,6.2,0.08,6.075,0.533,0.051,12.83,46.26,475.59,77.22,13.1,0.12,0.4,7.24,3.1,0,10.85,88.95,135.79,0.026,0.05
"COMPASS_Dec2021_015","WLE","PTR","transition","17","A",44.24,5.6,0.07,6.509,0.498,0.056,13.02,54.08,413.74,33.55,11.67,0.04,0.55,7.54,1.84,0.04,10.02,36.9,191.13,0.005,0.033
"COMPASS_Dec2021_017","WLE","PTR","transition","20","A",100,5.9,0.15,9.309,0.707,0.093,19.46,68.87,602.96,85.96,16.09,0.1,1.03,11.05,4.14,0.02,16.35,85.28,330.82,0.078,0.087
"COMPASS_Dec2021_018","WLE","PTR","transition","21","A",87.81,6.2,0.13,8.029,0.676,0.081,16.91,61.99,562.39,24.64,10.47,0.26,0.47,11.72,4.03,0,16.48,65.07,264.18,0.123,0.264
"COMPASS_May22_129","CB","MSM","upland","401","O",227,4.3,0.76,28.582,0.783,0.117,54.76,875.51,1008.02,1.86,29.18,6.72,0.44,1.53,39.14,2.21,50.03,400.32,1.53,5.076,0.273
"COMPASS_May22_130","CB","MSM","upland","402","O",276.77,4.1,0.53,33.01,1.035,0.121,67.64,547.07,1167.09,2.16,35.65,4.61,0.32,1.29,4.03,2.74,12.99,186.53,2.59,4.105,0.244
"COMPASS_May22_131","CB","MSM","upland","403","O",334.48,4.4,0.59,35.503,1.337,0.157,83.5,918.77,1354.81,2.51,36.41,5.56,0.76,2.64,6.14,2.37,17.47,NA,1.98,4.457,0.29
"COMPASS_May22_132","CB","MSM","upland","404","O",345.36,4,0.81,31.068,1.029,0.167,71.56,780.47,1389.02,2.57,37.3,8.39,0.55,1.31,4.21,4.12,18.58,246.6,4.5,7.501,0.415
"COMPASS_May22_133","CB","MSM","upland","405","O",351.19,3.9,0.6,35.136,1.263,0.16,87.46,790.6,1403.26,2.6,51.53,6.03,0.37,1.37,4.43,2.59,14.79,91.64,NA,5.112,0.289
"COMPASS_May22_134","CB","MSM","upland","406","O",332.95,4.3,0.23,36.542,1.119,0.136,88.41,840.23,1350.01,2.5,38.03,4.95,0.73,0.93,3.26,1.89,11.78,105.69,6.86,1.283,0.1
"COMPASS_May22_135","CB","MSM","upland","407","O",264.15,3.9,0.8,32.866,1.333,0.556,79.42,711.52,1126.82,2.08,28.15,6.31,0.34,0.82,2.61,2.75,12.83,339.15,1.33,6.914,0.38
"COMPASS_May22_136","CB","MSM","upland","408","O",265.56,4.4,0.53,28.411,1.102,0.123,53.6,592.86,1133.34,2.09,29.94,4.85,0.34,1.16,3.92,2.02,12.3,73.1,5.96,4.195,0.225
"COMPASS_May22_137","CB","MSM","transition","409","O",646.3,5.9,1.04,25.983,1.555,0.321,78.82,516.81,2424.56,4.36,119.11,18.28,1.22,7.48,27.44,0,54.41,458.41,7.95,11.724,1.361
"COMPASS_May22_138","CB","MSM","transition","410","O",520.97,5.4,2.27,27.367,1.863,0.675,69.03,545.83,1961.34,3.62,119.09,20.22,0.61,5.85,19.18,0.07,45.92,184.78,11.71,23.655,2.799
"COMPASS_May22_139","CB","MSM","transition","411","O",477.78,5.1,1.54,32.886,1.583,NA,81.77,827.1,1819.75,3.37,46.46,16.17,0.63,4.4,14.28,0.36,35.84,381.43,6.4,17.57,1.713
"COMPASS_May22_140","CB","MSM","transition","412","O",494.12,5.2,2.16,34.061,1.5,NA,77.21,688.83,1880.26,3.45,69.06,22.4,0.78,5.68,19.39,0.13,48.38,445.65,1.69,24.803,2.421
"COMPASS_May22_141","CB","MSM","transition","413","O",352.08,4.4,2.02,33.159,1.613,0.361,69.09,685.47,1411.74,2.62,36.11,15.85,0.66,2.06,7.39,2.06,28.03,194.07,4.69,21.961,2.144
"COMPASS_May22_142","CB","MSM","transition","414","O",386.14,5.2,1.69,27.324,1.171,0.449,73.14,531.69,1527.37,2.82,45.35,18.02,0.64,4.22,14.82,0.14,37.84,283.37,7.72,20.078,2.301
"COMPASS_May22_143","CB","MSM","transition","415","O",467.11,5.4,1.91,26.889,1.343,0.358,76.3,629.75,1801.61,3.3,83.23,20.55,0.69,5.48,18.53,0.1,45.34,229.1,4.97,24.772,2.574
"COMPASS_May22_144","CB","MSM","transition","416","O",506.33,4.8,1.69,NA,NA,NA,79.38,733.57,1917.49,3.54,91.79,18.52,0.64,4.56,15.17,0.66,39.56,338.71,4.76,19.821,2.039
"COMPASS_May22_145","CB","MSM","wc","W1","O",853.85,5.7,5.11,27.634,1.419,1.055,68.29,425.16,3143.44,5.64,175.47,67.05,2.81,4.87,20.62,0,95.35,35.52,104.47,101.138,13.391
"COMPASS_May22_146","CB","MSM","wc","W2","O",834.55,4.6,6.3,38.697,1.803,1.75,70.16,381.22,2981.49,5.53,82.89,78.72,2.79,4.77,21.2,0.14,107.63,60.43,41.84,134.994,21.117
"COMPASS_May22_147","CB","MSM","wc","W3","O",822.95,4.1,8.38,31.479,1.643,1.814,80.19,235.12,2937.29,5.46,79.12,79.53,2.63,4.64,22.42,0,109.22,90.23,37.84,134.461,29.448
"COMPASS_May22_148","CB","MSM","wc","W4","O",934.69,4.7,5.01,22.558,1.367,1.537,62.26,296.67,3322.91,6.11,114.83,99.85,3.37,4.97,25.15,0,133.34,41.41,56.1,169.392,26.49
"COMPASS_May22_149","CB","MSM","wc","W5","O",774.6,4.1,5.57,41.044,1.575,2.028,75.57,269.45,2775.64,5.15,68.46,61.84,1.68,2.86,14.46,1.25,82.1,237.44,14.65,122.712,24.695
"COMPASS_May22_150","CB","MSM","wc","W6","O",837.04,3.7,NA,28.568,1.67,1.602,73.52,431.53,2973.23,5.53,64.72,82.54,2.18,3.66,18.93,0.8,108.11,472.02,26.68,0,27.468
"COMPASS_May22_151","CB","MSM","wc","W7","O",831.03,4.9,6.15,40.417,1.662,1.866,73.26,219.2,2996.17,58.7,95.46,112.05,2.83,5.85,30.14,0,150.87,3.95,28.66,137.383,17.514
"COMPASS_May22_152","CB","MSM","wc","W8","O",881.13,5.2,6.29,31.239,2.039,1.542,65.29,323.88,3142.37,5.77,290.09,135.54,3.67,5.44,32.37,0.14,177.17,2.22,14.61,152.138,20.395
"COMPASS_May22_153","CB","MSM","wc","W9","O",948,5.5,NA,34.105,2.167,2.436,62.53,427.11,3385.96,6.17,487.2,144.41,3.87,8,38.39,0,194.67,6.95,61.03,0,35.873
"COMPASS_May22_172","CB","GWI","upland","622","O",302.22,4.4,2.09,34.831,1.404,0.159,75.67,1346.81,1246.93,2.32,35.92,21.88,1.4,3.93,13.06,0.96,41.23,170.67,26.13,17.06,1.595
"COMPASS_May22_173","CB","GWI","upland","633","O",132.7,4.5,0.62,32.815,1.224,0.162,77.16,745.37,701.07,1.29,16.82,16.76,1.22,2.39,7.96,0.37,28.7,16.8,20.84,4.771,0.506
"COMPASS_May22_174","CB","GWI","upland","642","O",148.68,5.5,0.37,22.122,0.808,0.088,41.91,600.49,758.47,1.39,23.43,9.64,0.68,2.58,7.16,0.19,20.25,20.42,1.56,2.553,0.313
"COMPASS_May22_213_extra","CB","GWI","upland","642","O",114.29,NA,NA,NA,NA,NA,NA,NA,NA,NA,NA,NA,NA,NA,NA,NA,NA,NA,NA,NA,NA
"COMPASS_May22_175","CB","GWI","upland","647","O",161.22,4.4,0.77,33.96,1.255,0.144,62.05,643.44,790.12,1.47,21.28,14.6,1.03,2.99,8.62,0.47,27.7,9.76,63.14,6.023,0.577
"COMPASS_May22_176","CB","GWI","upland","650","O",146.15,4.6,0.35,30.739,1.321,0.173,57.88,619.19,742.57,1.38,19.97,10.51,0.9,2.76,7.29,0.54,21.99,13.18,18.14,1.803,0.201
"COMPASS_May22_177","CB","GWI","upland","678","O",232.38,4.7,0.23,37.672,1.347,0.176,60.3,839.57,1024.97,1.89,23.68,11.4,0.99,3.57,8.67,0.64,25.27,27.47,14.21,0.858,0.063
"COMPASS_May22_178","CB","GWI","upland","682","O",253.27,3.8,1.65,30.709,1.403,0.175,72.87,528.36,1087.45,2.02,22.22,17.17,1.09,2.63,9.71,1.58,32.18,41.63,17.65,12.985,1.292
"COMPASS_May22_179","CB","GWI","upland","683","O",136.96,5,0.51,35.26,1.324,0.162,66.01,1003.81,714.84,1.32,20.22,16.29,1.13,3.22,9.38,0.12,30.15,24.44,72.26,2.988,0.241
"COMPASS_May22_180","CB","GWI","transition","162","O",447.73,6.3,1.65,20.996,0.968,0.253,51.83,552.47,1810.03,3.18,67.44,35.61,1.87,7.18,26.45,0.05,71.16,158.49,9.18,23.621,2.36
"COMPASS_May22_181","CB","GWI","transition","163","O",495.95,6.7,1.43,30.533,1.422,0.264,65.41,614.54,2024.44,3.46,100.45,37.55,2.53,9.1,35.39,0,84.56,NA,10.49,15.806,1.313
"COMPASS_May22_182","CB","GWI","transition","164","O",521.79,6.5,2.1,26.548,1.27,0.289,55.35,646.6,2148.87,3.62,111.64,44.06,2.2,9.85,37.13,0,93.24,646.58,13.52,28.21,2.515
"COMPASS_May22_183","CB","GWI","transition","766","O",449.28,6.7,1.84,NA,NA,NA,53.08,820.25,1775.13,11.15,109.87,36.28,2.02,9.92,36.85,0,85.06,286.53,13.55,15.082,1.352
"COMPASS_May22_184","CB","GWI","transition","777","O",519.75,6.5,1.87,27.125,1.17,0.209,76.01,558.1,2002.36,3.62,81.19,43.76,2.12,9.9,37.72,0.04,93.54,419.06,7.8,26.348,2.487
"COMPASS_May22_185","CB","GWI","transition","782","O",458.11,6.5,2.67,NA,NA,NA,69.45,545.51,1861.01,3.25,51.33,41.73,2,10.02,38.24,0,91.98,484.89,6.82,23.531,2.122
"COMPASS_May22_186","CB","GWI","transition","786","O",528.85,6.6,2,26.152,1.246,0.324,66.72,640.96,2033.87,3.67,103.77,41.95,2.41,9.36,35.52,0.05,89.29,674.78,11.58,25.514,2.417
"COMPASS_May22_187","CB","GWI","transition","789","O",505.33,6.6,2.05,NA,NA,NA,61.88,672.87,2052.6,3.53,130.81,36.78,1.96,8.73,34.22,0,81.68,750.26,20.96,20.643,1.971
"COMPASS_May22_188","CB","GWI","wc","W1","O",518.29,5.7,0.48,29.516,1.183,0.765,46.19,509.87,1967.36,3.6,60.8,98.28,2.98,4.38,25.53,0.25,131.42,39.09,34.46,0,15.377
"COMPASS_May22_189","CB","GWI","wc","W2","O",345.22,6,0.32,18.437,0.888,0.483,34.49,355.23,1418.14,2.58,46.36,61.44,1.89,3.42,16.68,0.08,83.51,173.6,26.68,0,7.548
"COMPASS_May22_190","CB","GWI","wc","W3","O",417.53,6.2,1.17,15.871,0.925,0.585,37.31,495.62,1680.88,3.01,53.19,65.29,2.36,5.14,21.72,0.1,94.61,104.72,31.02,0,8.243
"COMPASS_May22_191","CB","GWI","wc","W4","O",202.29,6.4,0.54,10.608,0.565,0.235,23.94,122.77,957.54,1.72,39.66,24.46,1.19,3.02,11.5,0,40.17,171.78,26.37,12.611,1.004
"COMPASS_May22_192","CB","GWI","wc","W5","O",301.65,5.6,0.27,17.072,1.048,0.457,23.79,383.44,1273.8,2.31,45.89,49.31,1.59,3.66,16.13,0.08,70.76,25.55,26.23,0,5.855
"COMPASS_May22_193","CB","GWI","wc","W6","O",70.49,5.9,1.48,4.69,0.22,0.167,10.06,77.84,501.43,0.92,12.85,17.61,0.82,1.26,5.64,0.03,25.36,7.8,4.57,9.52,1.362
"COMPASS_May22_194","CB","GWI","wc","W7","O",125.99,5.7,1.03,5.217,0.25,0.11,10.09,145.31,693.48,1.26,19.22,17.47,0.93,1.56,6.23,0.03,26.21,81.88,7.84,0,1.728
"COMPASS_May22_195","CB","GWI","wc","W8","O",267.15,5.9,0.18,14.631,0.773,0.415,25.17,279.92,1164.55,2.1,25.66,45.2,1.67,3.27,15.02,0.07,65.24,69.34,14.01,0,6.735
"COMPASS_Aug22_215","CB","GCW","upland","C12","A",34.29,6,0.24,2.938,0.195,0.022,5.31,33.26,0,0.71,24.87,0.03,0.24,3.15,1.4,0.1,4.91,17.98,4.63,0.016,0.01
"COMPASS_Aug22_216","CB","GCW","upland","C11","A",34.99,4.8,0.03,4.318,0.225,0.031,6.33,37.51,0,0.71,25.06,0.04,0.48,1.63,1.36,2.88,6.39,24.44,3.38,0.011,0.009
"COMPASS_Aug22_217","CB","GCW","upland","C10","A",45.73,5.3,0.04,4.683,0.28,0.022,8.56,54.38,0,0.78,27,0.06,0.58,5.54,2.23,0.15,8.56,83.32,4.67,0.016,0.015
"COMPASS_Aug22_218","CB","GCW","upland","C07","A",30.9,5.4,0.01,3.128,0.125,0.016,6.13,38.95,0,0.68,26.7,0.04,0.51,3.24,1.68,0.16,5.63,15.5,3.42,0.018,0.008
"COMPASS_Aug22_219","CB","GCW","upland","C19","A",43.94,5,0.02,5.448,0.232,0.029,9.64,70.21,0,0.76,21,0.04,0.81,3.83,3.24,1.91,9.84,19.5,3.13,0.015,0.016
"COMPASS_Aug22_220","CB","GCW","upland","C09","A",28.67,4.9,0.01,3.016,0.137,0.019,5.72,34.54,0,0.67,17.98,0.05,0.77,2.29,2.67,6.42,12.19,18.9,4.57,0.011,0.008
"COMPASS_Aug22_221","CB","GCW","upland","1383","A",38.93,5.2,0.01,3.476,0.229,0.022,6.96,41.41,0,0.73,20.57,0.03,0.4,4.48,2.32,0.74,7.96,23.51,4.92,0.019,0.013
"COMPASS_Aug22_222","CB","GCW","upland","1379","A",59.83,5.2,0.03,6.772,0.387,0.038,12.94,100.86,0,0.85,21.15,0.06,0.73,6.55,5.36,0.68,13.38,12.98,8.9,0.026,0.023
"COMPASS_Aug22_223","CB","GCW","transition","L1","A",33.9,4.4,0.12,6.886,0.314,0.048,14.57,130.83,0,0.71,21.96,1.45,0.58,1.22,2.04,2.66,7.93,38.73,4.54,0.603,0.085
"COMPASS_Aug22_224","CB","GCW","transition","L2","A",86.82,5,0.04,8.443,0.404,0.035,16.09,99.76,0,1.02,25.77,0.54,0.44,1.48,2.9,1.53,6.9,161.01,3.67,0.042,0.11
"COMPASS_Aug22_225","CB","GCW","transition","L3","A",98.69,4.7,0.06,11.471,0.582,0.059,18.01,105.69,0,1.09,3.04,0.74,0.57,1.05,3.24,2.95,8.55,315.25,4.57,0.193,0.188
"COMPASS_Aug22_226","CB","GCW","transition","L4","A",104.61,4.6,0.06,10.086,0.57,0.084,18.22,69.94,0,1.13,1.81,0.54,0.49,0.82,2.77,3.42,8.04,447.76,3.85,0.152,0.225
"COMPASS_Aug22_227","CB","GCW","transition","L5","A",101.53,4.6,0.05,6.178,0.369,0.113,12.43,65.89,0,1.11,20.81,0.34,0.49,0.65,2.03,2.39,5.89,1.89,5.99,0.096,0.279
"COMPASS_Aug22_228","CB","GCW","transition","L6","A",35.24,4.4,0.02,6.194,0.344,0.037,11.11,75.4,0,0.71,3.34,0.08,0.63,1.23,2.24,7.98,12.16,17.4,10.66,0.008,0.02
"COMPASS_Aug22_229","CB","GCW","transition","711","A",53.21,4.6,0.02,5.779,0.359,0.039,9.3,48.53,0,0.83,1.98,0.09,0.29,0.92,1.64,5.83,8.76,104.54,3.31,0.03,0.043
"COMPASS_Aug22_230","CB","GCW","transition","713","A",66.76,4.5,0.03,6.014,0.343,0.044,12.57,52.96,0,0.9,1.62,0.14,0.35,0.8,1.69,5.32,8.3,196.47,5.06,0.046,0.086
"COMPASS_Aug22_231","CB","GCW","wc","W1","A",741.96,5.5,5.39,31.188,1.527,1.459,63.17,175.22,0,4.95,24.26,NA,NA,NA,NA,NA,NA,31.69,167.29,99.71,37.442
"COMPASS_Aug22_232","CB","GCW","wc","W2","A",707.48,5.5,5.75,NA,NA,NA,63.09,190.43,0,4.75,31.84,88.81,2.93,9.07,35.27,0,136.08,21.15,33.14,99.384,54.045
"COMPASS_Aug22_233","CB","GCW","wc","W3","A",713.95,5.4,4.35,28.666,1.616,1.909,60.27,244.99,0,4.78,40.59,66.78,2.75,8.53,28.8,0,106.87,45.95,48.3,101.226,39.565
"COMPASS_Aug22_234","CB","GCW","wc","W4","A",689.77,5.7,4.5,34.079,1.681,1.836,70.91,184.01,0,4.62,6.01,88.32,3.53,7.16,32.48,0,131.49,108.73,201,97.291,37.672
"COMPASS_Aug22_235","CB","GCW","wc","W5","A",697.17,5.7,5.33,32.682,1.57,1.981,65.87,172.81,0,4.7,31.01,83.14,2.62,8.82,32.96,0.11,127.65,NA,43.64,107.477,46.246
"COMPASS_Aug22_236","CB","GCW","wc","W6","A",706.35,5.4,4.86,30.871,1.595,2.105,68.06,158.4,0,4.75,19.97,66.86,2.26,11.08,32.75,0,112.94,NA,43.57,95.793,36.818
"COMPASS_Aug22_237","CB","GCW","wc","W7","A",708.51,5.6,5.17,29.879,1.655,1.897,69.82,170.9,0,4.73,20.83,82.89,2.61,8.14,31.17,0.15,124.96,137.31,48.57,107.386,23.576
"COMPASS_Aug22_238","CB","GCW","wc","W8","A",798.39,5.2,4.16,27.964,1.619,1.7,70.11,195.34,NA,5.25,24.66,93.39,2.67,8.52,34.48,0.16,139.21,85.82,39.88,129.323,65.115
